nom,marque,type,prix,contenance,description,fiabilité
Jour Soin,Beauté Pure,nettoyant,237.18 TND,50ml,"Ce produit hydrate intensément. Utiliser avant la crème hydratante. Composition : Niacinamide(2%), Céramides(11%), Rétinol(87%).",4
Hydra Soin,Soin Suprême,nettoyant,207.64 TND,200ml,"Ce produit nettoie en profondeur. Éviter le contour des yeux. Composition : Niacinamide, Extrait de Thé Vert, Acide Hyaluronique.",3
Sérénité Huile,Beauté Pure,nettoyant,237.07 TND,200ml,"Ce produit nettoie en profondeur. Masser délicatement. Composition : Céramides, Extrait de Thé Vert, Acide Hyaluronique.",9
Jour Huile,Soin Suprême,nettoyant,80.42 TND,50ml,"Ce produit rafraîchit. Appliquer sur une peau propre. Composition : Acide Hyaluronique, Céramides, Extrait de Thé Vert.",5
Pureté Essence,Soin Suprême,nettoyant,132.25 TND,100ml,"Ce produit nourrit intensément. Laisser poser 10 minutes. Composition : Acide Hyaluronique, Extrait de Thé Vert, Niacinamide.",7
Vitalité Tonique,Clarté,nettoyant,88.89 TND,50ml,"Ce produit nourrit intensément. Éviter le contour des yeux. Composition : Camomille, Céramides, Acide Hyaluronique.",7
Régénérant Masque,Soin Suprême,nettoyant,262.38 TND,200ml,"Ce produit apaise la peau. Appliquer deux fois par jour. Composition : Acide Hyaluronique, Rétinol, Extrait de Thé Vert.",4
Jour Huile,Dermatique,nettoyant,275.47 TND,50ml,"Ce produit revitalise la peau. Appliquer sur une peau propre. Composition : Acide Salicylique, Extrait de Thé Vert, Rétinol.",9
Douceur Essence,Éclat Naturel,nettoyant,81.06 TND,50ml,"Ce produit rafraîchit. Masser délicatement. Composition : Peptides(13%), Camomille(7%), Vitamine C(2%), eau(78%).",2
Lumière Concentré,Dermatique,nettoyant,179.88 TND,100ml,"Ce produit rajeunie la peau. Appliquer sur une peau propre. Composition : Céramides(7%), Acide Salicylique(8%), Camomille(85%).",10
Nuit Masque,Beauté Pure,exfoliant,220.16 TND,50ml,"Ce produit nourrit intensément. Masser délicatement. Composition : Rétinol, Céramides, Aloe Vera.",6
Pureté Lotion,Éclat Naturel,exfoliant,296.26 TND,50ml,"Ce produit exfolie délicatement. Masser délicatement. Composition : Camomille, Vitamine C, Céramides.",2
Vitalité Concentré,Clarté,exfoliant,170.27 TND,100ml,"Ce produit illumine le teint. Masser délicatement. Composition : Rétinol(3%), Acide Salicylique(8%), Camomille(2%), eau(87%).",10
Hydra Elixir,Dermatique,exfoliant,239.35 TND,100ml,"Ce produit apaise la peau. Utiliser avec un coton. Composition : Acide Hyaluronique, Céramides, Peptides.",6
Lumière Concentré,Clarté,exfoliant,53.74 TND,50ml,"Ce produit nourrit intensément. Appliquer deux fois par jour. Composition : Niacinamide, Acide Hyaluronique, Rétinol.",7
Nuit Huile,Soin Suprême,exfoliant,28.96 TND,50ml,"Ce produit nettoie en profondeur. Utiliser avec un coton. Composition : Niacinamide, Aloe Vera, Vitamine C.",5
Sérénité Soin,Dermatique,exfoliant,29.31 TND,200ml,"Ce produit exfolie délicatement. Utiliser le matin. Composition : Céramides, Extrait de Thé Vert, Acide Salicylique.",3
Douceur Essence,Clarté,exfoliant,37.07 TND,100ml,"Ce produit illumine le teint. Utiliser avec un coton. Composition : Vitamine C, Aloe Vera, Camomille.",3
Sérénité Lotion,Dermatique,exfoliant,289.81 TND,50ml,"Ce produit protège contre les UV. Masser délicatement. Composition : Aloe Vera, Acide Hyaluronique, Rétinol.",3
Lumière Concentré,Éclat Naturel,exfoliant,234.4 TND,200ml,"Ce produit illumine le teint. Appliquer deux fois par jour. Composition : Aloe Vera, Vitamine C, Extrait de Thé Vert.",5
